scan_name,plane,scan_point,correction_x,correction_y
8999_28Jun23_222504_28Jun23_223127,1,0,0.560895574433562,0.09464102440082889
8999_28Jun23_222504_28Jun23_223127,1,1,0.3885390933355548,0.25921651624927255
8999_28Jun23_222504_28Jun23_223127,1,2,0.013516043658123866,0.038566270974741856
8999_28Jun23_222504_28Jun23_223127,1,3,-0.7721190147120943,0.10986301410636819
8999_28Jun23_222504_28Jun23_223127,1,4,-0.48559622491872734,0.08734659826179463
8999_28Jun23_222504_28Jun23_223127,1,5,-0.7555851604135327,0.5819995831653458
8999_28Jun23_222504_28Jun23_223127,1,6,-1.0969717377074875,0.2503199526982438
8999_28Jun23_222504_28Jun23_223127,1,7,-1.0551886136241644,0.36131900533708927
8999_28Jun23_222504_28Jun23_223127,1,8,-1.090956098363998,-0.256545212694194
8999_28Jun23_222504_28Jun23_223127,1,9,-0.3507066086243238,0.061282223253881975
8999_28Jun23_222504_28Jun23_223127,1,10,-0.24218388211304231,-0.42062268826499727
8999_28Jun23_222504_28Jun23_223127,1,11,-0.11123639975997579,0.08280459812503214
8999_28Jun23_222504_28Jun23_223127,1,12,0.19119224233613008,0.25671845968405427
8999_28Jun23_222504_28Jun23_223127,1,13,0.406106928964145,0.21428837748895027
8999_28Jun23_222504_28Jun23_223127,1,14,0.24374932776380365,0.33944303684078636
8999_28Jun23_222504_28Jun23_223127,2,0,-0.026152579082002067,-0.06585498442987503
8999_28Jun23_222504_28Jun23_223127,2,1,-0.3260944912581419,-0.22043972033333747
8999_28Jun23_222504_28Jun23_223127,2,2,-0.08838255585890462,-0.5177036716946526
8999_28Jun23_222504_28Jun23_223127,2,3,-0.05104829659434429,0.1319186546264728
8999_28Jun23_222504_28Jun23_223127,2,4,-0.09407239775114296,0.3919362462963816
8999_28Jun23_222504_28Jun23_223127,2,5,-0.10469720933577924,0.1075079680117122
8999_28Jun23_222504_28Jun23_223127,2,6,-0.12096158607647625,0.5072058177150347
8999_28Jun23_222504_28Jun23_223127,2,7,-0.04993534450644038,0.17125239900105377
8999_28Jun23_222504_28Jun23_223127,2,8,0.2646874690848219,0.7945419644829789
8999_28Jun23_222504_28Jun23_223127,2,9,-0.1600807053422264,0.6064462098544915
8999_28Jun23_222504_28Jun23_223127,2,10,0.5828095755786917,0.5159992214833903
8999_28Jun23_222504_28Jun23_223127,2,11,0.09624702870359206,0.5071433015782639
8999_28Jun23_222504_28Jun23_223127,2,12,0.13093747555046276,1.3099714427023679
8999_28Jun23_222504_28Jun23_223127,2,13,-1.2985470418210465,1.596131804453893
8999_28Jun23_222504_28Jun23_223127,2,14,-0.021870992355630725,1.307921137322282
8999_28Jun23_230143_28Jun23_232943,1,0,1.3128808582767992,0.6158397055458112
8999_28Jun23_230143_28Jun23_232943,1,1,0.32410561764600887,-0.15435767084951968
8999_28Jun23_230143_28Jun23_232943,1,2,-0.3118063438075358,-0.47372560224839216
8999_28Jun23_230143_28Jun23_232943,1,3,-0.556567154332166,-0.4624637719641147
8999_28Jun23_230143_28Jun23_232943,1,4,-0.9535283399135508,-0.03814111205711982
8999_28Jun23_230143_28Jun23_232943,1,5,-1.3703903731824285,-0.08833597927418131
8999_28Jun23_230143_28Jun23_232943,1,6,-1.3007698937453072,-0.6382661128914313
8999_28Jun23_230143_28Jun23_232943,1,7,-1.5746311915559725,-0.692968415366041
8999_28Jun23_230143_28Jun23_232943,1,8,-1.5357722889049046,-0.9526039360378727
8999_28Jun23_230143_28Jun23_232943,1,9,-1.6055087304449045,-0.6930429065290433
8999_28Jun23_230143_28Jun23_232943,1,10,-1.5311241826482247,-0.8777995005792869
8999_28Jun23_230143_28Jun23_232943,1,11,-1.1396036465102442,-0.855442220524142
8999_28Jun23_230143_28Jun23_232943,1,12,-0.720292415265591,-0.6699488993438998
8999_28Jun23_230143_28Jun23_232943,1,13,-0.25202172265033007,-0.5295438069904838
8999_28Jun23_230143_28Jun23_232943,1,14,-0.20552334838432051,-0.5624378842983234
8999_28Jun23_230143_28Jun23_232943,1,15,-0.07066654017542917,0.1720125544445707
8999_28Jun23_230143_28Jun23_232943,1,16,0.30710767370145664,0.16055804317453934
8999_28Jun23_230143_28Jun23_232943,1,17,0.7754135639930354,-0.12928301404369671
8999_28Jun23_230143_28Jun23_232943,1,18,0.3686600381029581,-0.10215383850174288
8999_28Jun23_230143_28Jun23_232943,1,19,0.4864444775108112,-0.08898736875981685
8999_28Jun23_230143_28Jun23_232943,1,20,0.9535270254917849,-0.6816667346242952
8999_28Jun23_230143_28Jun23_232943,1,21,1.151188297648903,-0.7502399543902906
8999_28Jun23_230143_28Jun23_232943,1,22,0.617397350285237,-1.0110002445020492
8999_28Jun23_230143_28Jun23_232943,1,23,0.7086971738289316,-0.31094231300757347
8999_28Jun23_230143_28Jun23_232943,1,24,0.3334740835209127,0.14056587090719663
8999_28Jun23_230143_28Jun23_232943,2,0,0.3866931149933388,-0.7830147502593809
8999_28Jun23_230143_28Jun23_232943,2,1,-0.017255818996181456,-1.1904879902835397
8999_28Jun23_230143_28Jun23_232943,2,2,0.3552634381672502,-1.7408555940683634
8999_28Jun23_230143_28Jun23_232943,2,3,0.4268562204233324,-1.9105192822835848
8999_28Jun23_230143_28Jun23_232943,2,4,0.26661506829384995,-1.9769261554008766
8999_28Jun23_230143_28Jun23_232943,2,5,0.07966309099931367,-1.9587576190966682
8999_28Jun23_230143_28Jun23_232943,2,6,0.23444907719868913,-0.8203155996416855
8999_28Jun23_230143_28Jun23_232943,2,7,-0.06912424854373274,-1.2847458691761238
8999_28Jun23_230143_28Jun23_232943,2,8,0.33925450957967823,-0.8531006351292225
8999_28Jun23_230143_28Jun23_232943,2,9,0.5881086199148318,-1.3350751993055632
8999_28Jun23_230143_28Jun23_232943,2,10,0.668669548622436,-1.419944398005288
8999_28Jun23_230143_28Jun23_232943,2,11,0.5540693908112198,-2.007902743346092
8999_28Jun23_230143_28Jun23_232943,2,12,0.32176768063835703,-1.4723773074244064
8999_28Jun23_230143_28Jun23_232943,2,13,0.23467657846401796,-1.4757576374716772
8999_28Jun23_230143_28Jun23_232943,2,14,0.2980742696176655,-1.4290068698144185
8999_28Jun23_230143_28Jun23_232943,2,15,0.7965332544716028,-0.8392994882593235
8999_28Jun23_230143_28Jun23_232943,2,16,0.5818381083306706,-0.8134111423481472
8999_28Jun23_230143_28Jun23_232943,2,17,0.6705657126535028,-0.4068370722177944
8999_28Jun23_230143_28Jun23_232943,2,18,0.5177622339183866,-0.8344357143134362
8999_28Jun23_230143_28Jun23_232943,2,19,0.31976172294041166,-0.375709571223487
8999_28Jun23_230143_28Jun23_232943,2,20,0.3244271679453293,-0.36876597044974146
8999_28Jun23_230143_28Jun23_232943,2,21,0.23943495476223878,-0.6384621423493053
8999_28Jun23_230143_28Jun23_232943,2,22,0.22751715557017854,-0.5476725052624698
8999_28Jun23_230143_28Jun23_232943,2,23,0.05376780682903726,-0.5909470726795929
8999_28Jun23_230143_28Jun23_232943,2,24,-0.6627842225636709,-0.944933883176402
8999_28Jun23_235337_29Jun23_001656,1,0,1.9037574158878856,0.1273802898180132
8999_28Jun23_235337_29Jun23_001656,1,1,1.4640132212797585,0.47811396768604464
8999_28Jun23_235337_29Jun23_001656,1,2,1.0641713883452752,0.2260750094887909
8999_28Jun23_235337_29Jun23_001656,1,3,0.8034126630228067,-0.48256898333909337
8999_28Jun23_235337_29Jun23_001656,1,4,1.0396277690587763,-0.5252209123585982
8999_28Jun23_235337_29Jun23_001656,1,5,0.31464951984956635,-0.8515261524855849
8999_28Jun23_235337_29Jun23_001656,1,6,0.29854272309784435,-1.2402919144070128
8999_28Jun23_235337_29Jun23_001656,1,7,0.28205353157070845,-1.5420965432603602
8999_28Jun23_235337_29Jun23_001656,1,8,0.17296051030576964,-1.6136569406606793
8999_28Jun23_235337_29Jun23_001656,1,9,-0.27170025490550614,-2.00954628191842
8999_28Jun23_235337_29Jun23_001656,1,10,-0.6007643532275966,-2.269089340790578
8999_28Jun23_235337_29Jun23_001656,1,11,-0.9652761726637211,-2.498861785912951
8999_28Jun23_235337_29Jun23_001656,1,12,-1.560167839189031,-2.4935757448451152
8999_28Jun23_235337_29Jun23_001656,1,13,-1.3457425870593807,-1.7987306068093825
8999_28Jun23_235337_29Jun23_001656,1,14,-1.4740261827046532,-1.9589416740076817
8999_28Jun23_235337_29Jun23_001656,1,15,-1.9657240282434305,-2.0749788251224683
8999_28Jun23_235337_29Jun23_001656,1,16,-1.8416200192544474,-1.6591828331867924
8999_28Jun23_235337_29Jun23_001656,1,17,-1.8794709363828543,-1.623294107558293
8999_28Jun23_235337_29Jun23_001656,1,18,-2.4986653814035447,-1.6420818706851663
8999_28Jun23_235337_29Jun23_001656,1,19,-2.914525030414103,-1.9935610892878457
8999_28Jun23_235337_29Jun23_001656,1,20,-2.6417234393235347,-1.5140617174499715
8999_28Jun23_235337_29Jun23_001656,1,21,-2.035260244979409,-1.504767720049982
8999_28Jun23_235337_29Jun23_001656,1,22,-1.781541294974015,-1.962458436315262
8999_28Jun23_235337_29Jun23_001656,1,23,-1.364623575265761,-1.6148072332017316
8999_28Jun23_235337_29Jun23_001656,1,24,-0.97470433536051,-1.6827078805825568
8999_28Jun23_235337_29Jun23_001656,2,0,0.6019605483883472,0.20102220013409888
8999_28Jun23_235337_29Jun23_001656,2,1,0.7333493337175201,0.4262260733869372
8999_28Jun23_235337_29Jun23_001656,2,2,0.5376179531010883,0.4620803046052335
8999_28Jun23_235337_29Jun23_001656,2,3,0.3101961041744872,0.15973560321203006
8999_28Jun23_235337_29Jun23_001656,2,4,0.11421241796230608,0.0714992467049369
8999_28Jun23_235337_29Jun23_001656,2,5,0.296144730787401,-0.17548177941707765
8999_28Jun23_235337_29Jun23_001656,2,6,0.23416199288130157,0.3351618589771399
8999_28Jun23_235337_29Jun23_001656,2,7,-0.03287788870945385,0.13546821500134976
8999_28Jun23_235337_29Jun23_001656,2,8,-0.7344864228857051,-0.15049128381018628
8999_28Jun23_235337_29Jun23_001656,2,9,-0.6688610830153235,-0.01754036409847698
8999_28Jun23_235337_29Jun23_001656,2,10,-0.6536864614478666,0.16418346965416108
8999_28Jun23_235337_29Jun23_001656,2,11,-0.8793013596473838,-0.26966975314955677
8999_28Jun23_235337_29Jun23_001656,2,12,-0.9433285104035695,-0.08537706273991881
8999_28Jun23_235337_29Jun23_001656,2,13,-1.1199334333257815,-0.30032673862330495
8999_28Jun23_235337_29Jun23_001656,2,14,-0.8654783067051364,-0.1637279405680772
8999_28Jun23_235337_29Jun23_001656,2,15,-0.9746932597015368,-0.8805641291742481
8999_28Jun23_235337_29Jun23_001656,2,16,-0.5702168606832037,-0.41986497364243647
8999_28Jun23_235337_29Jun23_001656,2,17,-0.48269276678802875,-0.1585834542428416
8999_28Jun23_235337_29Jun23_001656,2,18,-0.4593258217753665,-0.03169355415524877
8999_28Jun23_235337_29Jun23_001656,2,19,-0.8394298050971583,-0.4427482059172483
8999_28Jun23_235337_29Jun23_001656,2,20,-0.34736338969765246,-1.8029185052546581
8999_28Jun23_235337_29Jun23_001656,2,21,-0.07920536503128184,-1.7829011642200299
8999_28Jun23_235337_29Jun23_001656,2,22,-0.011276846735491786,-1.4492125238100562
8999_28Jun23_235337_29Jun23_001656,2,23,0.0009636947548019581,-1.5308112382367012
8999_28Jun23_235337_29Jun23_001656,2,24,0.8002330104601163,-0.7997566668691836
8999_29Jun23_004658_29Jun23_011220,1,0,-0.059309353503913274,-0.9588202117970436
8999_29Jun23_004658_29Jun23_011220,1,1,0.5842455292803881,-0.2928345728429187
8999_29Jun23_004658_29Jun23_011220,1,2,0.505851990543287,0.22945820682921486
8999_29Jun23_004658_29Jun23_011220,1,3,0.08756060013918096,0.7479489239822125
8999_29Jun23_004658_29Jun23_011220,1,4,0.015725662088093405,0.8901795105103456
8999_29Jun23_004658_29Jun23_011220,1,5,-0.3916281612141589,0.697884866852491
8999_29Jun23_004658_29Jun23_011220,1,6,-0.6489869888885018,0.3914493543435512
8999_29Jun23_004658_29Jun23_011220,1,7,-0.14131271989027858,0.033543587480075895
8999_29Jun23_004658_29Jun23_011220,1,8,0.15061856427906434,-0.23883521086096487
8999_29Jun23_004658_29Jun23_011220,1,9,-0.1387880199258402,-0.09067168512708823
8999_29Jun23_004658_29Jun23_011220,1,10,0.5491591237725149,0.4018995778420623
8999_29Jun23_004658_29Jun23_011220,1,11,0.33033675509411653,0.17030981853156382
8999_29Jun23_004658_29Jun23_011220,1,12,0.25107741190620614,-0.21963429329447848
8999_29Jun23_004658_29Jun23_011220,1,13,0.9320358915473481,-0.5687597238016614
8999_29Jun23_004658_29Jun23_011220,1,14,0.14121569150794117,-0.285138771146285
8999_29Jun23_004658_29Jun23_011220,1,15,-0.31822952682180294,0.06864015236135602
8999_29Jun23_004658_29Jun23_011220,1,16,-0.3563999344130596,-0.4389922359062027
8999_29Jun23_004658_29Jun23_011220,1,17,0.44016892949369635,-0.19427578917043348
8999_29Jun23_004658_29Jun23_011220,1,18,0.2333325766061228,-0.28134859157459535
8999_29Jun23_004658_29Jun23_011220,2,0,-0.3118600130308488,0.4114015654862788
8999_29Jun23_004658_29Jun23_011220,2,1,-0.47056993809275605,-0.09913499573698838
8999_29Jun23_004658_29Jun23_011220,2,2,-0.44322687417234385,-0.4316338904797733
8999_29Jun23_004658_29Jun23_011220,2,3,-0.7643535092455216,-0.6436489470490828
8999_29Jun23_004658_29Jun23_011220,2,4,-0.759894943203509,-0.9139563096006823
8999_29Jun23_004658_29Jun23_011220,2,5,-0.8651334023756354,-1.686715869952841
8999_29Jun23_004658_29Jun23_011220,2,6,-1.2351026832122356,-1.2754234868618783
8999_29Jun23_004658_29Jun23_011220,2,7,-1.8699614700644018,-1.0166223320103858
8999_29Jun23_004658_29Jun23_011220,2,8,-1.8784096809185717,-0.8712947681249122
8999_29Jun23_004658_29Jun23_011220,2,9,-2.0393586112409396,-1.4588092923696052
8999_29Jun23_004658_29Jun23_011220,2,10,-1.902103289972285,-1.025575800939513
8999_29Jun23_004658_29Jun23_011220,2,11,-1.5591099401518633,-1.043397727517143
8999_29Jun23_004658_29Jun23_011220,2,12,-1.2124058875125778,-0.9595967324789489
8999_29Jun23_004658_29Jun23_011220,2,13,-0.9368979895900337,-1.411906017263588
8999_29Jun23_004658_29Jun23_011220,2,14,-1.178540456741562,-1.242742863103692
8999_29Jun23_004658_29Jun23_011220,2,15,-0.7671692868885768,-1.3145736664971035
8999_29Jun23_004658_29Jun23_011220,2,16,-0.8399074429748696,-0.20412481310250738
8999_29Jun23_004658_29Jun23_011220,2,17,-0.7860703508491425,1.495112835684852
8999_29Jun23_004658_29Jun23_011220,2,18,-0.5073650656362919,2.2536333739820553
8999_29Jun23_013851_29Jun23_020425,1,0,-0.6875700227419237,-0.3784015079715316
8999_29Jun23_013851_29Jun23_020425,1,1,0.5791661589862579,0.39328844117064143
8999_29Jun23_013851_29Jun23_020425,1,2,0.8946209800188204,0.24252547896931195
8999_29Jun23_013851_29Jun23_020425,1,3,0.40003914305822524,0.7271879577448896
8999_29Jun23_013851_29Jun23_020425,1,4,0.23361534069646048,0.6659338337037506
8999_29Jun23_013851_29Jun23_020425,1,5,0.1855476213581279,1.2819321834057775
8999_29Jun23_013851_29Jun23_020425,1,6,0.2529404363219815,0.7729884871303259
8999_29Jun23_013851_29Jun23_020425,1,7,0.47936791418545094,0.2513016629688684
8999_29Jun23_013851_29Jun23_020425,1,8,0.3929541566392359,-0.07018914763990385
8999_29Jun23_013851_29Jun23_020425,1,9,0.6560613825495236,0.28813628837087407
8999_29Jun23_013851_29Jun23_020425,1,10,0.5313379869835871,-0.41302301716660206
8999_29Jun23_013851_29Jun23_020425,1,11,0.4361420935820011,-0.2660334442441193
8999_29Jun23_013851_29Jun23_020425,1,12,0.16658411637657483,-0.14033704295665583
8999_29Jun23_013851_29Jun23_020425,1,13,0.20549500518461195,-0.08603771240070826
8999_29Jun23_013851_29Jun23_020425,1,14,0.8404391618416731,-0.09434212069592188
8999_29Jun23_013851_29Jun23_020425,1,15,0.8878183319103072,-0.11447733172232466
8999_29Jun23_013851_29Jun23_020425,1,16,0.752168462434737,0.14233033314313012
8999_29Jun23_013851_29Jun23_020425,1,17,0.5295336067856805,0.1325924551409276
8999_29Jun23_013851_29Jun23_020425,1,18,-0.9622128947152996,0.35508078946071037
8999_29Jun23_013851_29Jun23_020425,2,0,0.7156646935681864,-1.5027037624523991
8999_29Jun23_013851_29Jun23_020425,2,1,0.7050170567787322,-0.9687698587920371
8999_29Jun23_013851_29Jun23_020425,2,2,0.9705118820918479,-0.17293116169318704
8999_29Jun23_013851_29Jun23_020425,2,3,0.8673177230825063,0.2002708439317988
8999_29Jun23_013851_29Jun23_020425,2,4,0.8384934770670508,0.5903406052619458
8999_29Jun23_013851_29Jun23_020425,2,5,0.7518288696449831,0.8849485596573908
8999_29Jun23_013851_29Jun23_020425,2,6,0.6795962792495984,0.7367579377565964
8999_29Jun23_013851_29Jun23_020425,2,7,0.6351040547888576,0.5059214489128918
8999_29Jun23_013851_29Jun23_020425,2,8,0.845526903365814,0.704937986006529
8999_29Jun23_013851_29Jun23_020425,2,9,0.6117199935081366,0.8152102292963198
8999_29Jun23_013851_29Jun23_020425,2,10,0.34619642490324365,0.28572429254138476
8999_29Jun23_013851_29Jun23_020425,2,11,0.6331314134442421,0.7421686528290621
8999_29Jun23_013851_29Jun23_020425,2,12,0.5759390463535188,1.3851309516608867
8999_29Jun23_013851_29Jun23_020425,2,13,0.736022773474103,1.1375933647741603
8999_29Jun23_013851_29Jun23_020425,2,14,0.6650326465782066,0.9914566149229634
8999_29Jun23_013851_29Jun23_020425,2,15,0.4041363230937407,0.706526784339125
8999_29Jun23_013851_29Jun23_020425,2,16,0.3487379210532942,0.40327592665745143
8999_29Jun23_013851_29Jun23_020425,2,17,0.3547191351848365,0.4721882994613081
8999_29Jun23_013851_29Jun23_020425,2,18,0.3480764517233086,0.7417380792698411
8999_29Jun23_023227_29Jun23_025502,1,0,0.8941369937916153,0.01704194897855782
8999_29Jun23_023227_29Jun23_025502,1,1,0.3708756089296095,0.12202039877401427
8999_29Jun23_023227_29Jun23_025502,1,2,0.05841739198887631,0.2617647539961687
8999_29Jun23_023227_29Jun23_025502,1,3,-0.23417179586370462,0.014272751581501097
8999_29Jun23_023227_29Jun23_025502,1,4,-0.19667249681953142,0.22875155858273488
8999_29Jun23_023227_29Jun23_025502,1,5,-0.2935185310625481,0.5307050418394965
8999_29Jun23_023227_29Jun23_025502,1,6,-0.5606986492910992,0.6718989391659713
8999_29Jun23_023227_29Jun23_025502,1,7,-0.6926104719860422,0.3676335010001225
8999_29Jun23_023227_29Jun23_025502,1,8,-1.0712475023083339,0.36573463825283203
8999_29Jun23_023227_29Jun23_025502,1,9,-0.9772276214077164,0.321372753136831
8999_29Jun23_023227_29Jun23_025502,1,10,-0.9439872983179002,0.4199715127850348
8999_29Jun23_023227_29Jun23_025502,1,11,-0.46533032950875797,0.985249178139934
8999_29Jun23_023227_29Jun23_025502,1,12,-0.8464121307940786,0.8764727258777245
8999_29Jun23_023227_29Jun23_025502,1,13,-0.8762743558156427,0.8482041434678331
8999_29Jun23_023227_29Jun23_025502,1,14,-0.5101023785000985,1.142291373940646
8999_29Jun23_023227_29Jun23_025502,1,15,-0.03028934139640558,1.3473934388709279
8999_29Jun23_023227_29Jun23_025502,1,16,-0.036563121608102746,1.0363036743729903
8999_29Jun23_023227_29Jun23_025502,1,17,-0.011094045657196244,1.6845253424021545
8999_29Jun23_023227_29Jun23_025502,1,18,-0.2072075604578475,1.3777884788129524
8999_29Jun23_023227_29Jun23_025502,1,19,0.0729541975323844,1.3772149174239856
8999_29Jun23_023227_29Jun23_025502,1,20,-0.13656930135131545,1.16288167629372
8999_29Jun23_023227_29Jun23_025502,1,21,0.040007684568535644,0.7084239280948368
8999_29Jun23_023227_29Jun23_025502,1,22,-0.6424407556918623,0.5634378714161614
8999_29Jun23_023227_29Jun23_025502,1,23,-0.23725657659119095,0.5325441390621743
8999_29Jun23_023227_29Jun23_025502,1,24,-0.24807110243075917,-0.6369337356936788
8999_29Jun23_023227_29Jun23_025502,2,0,1.9428347602446494,0.22920646802386915
8999_29Jun23_023227_29Jun23_025502,2,1,1.2030406472092747,-0.05284435101122586
8999_29Jun23_023227_29Jun23_025502,2,2,0.29404024837129117,0.4732871198771599
8999_29Jun23_023227_29Jun23_025502,2,3,-0.14565989184481265,0.2770463388362793
8999_29Jun23_023227_29Jun23_025502,2,4,-0.680728746030479,0.33669482836737463
8999_29Jun23_023227_29Jun23_025502,2,5,-0.8270398675124246,0.06844145621705065
8999_29Jun23_023227_29Jun23_025502,2,6,-0.9899615611821677,0.20925761066418677
8999_29Jun23_023227_29Jun23_025502,2,7,-1.0112739539920867,0.8063375994657846
8999_29Jun23_023227_29Jun23_025502,2,8,-1.4902217246181015,0.17167265451875402
8999_29Jun23_023227_29Jun23_025502,2,9,-1.2611876394754418,0.29784813553360134
8999_29Jun23_023227_29Jun23_025502,2,10,-1.651641195875575,0.4067877288379201
8999_29Jun23_023227_29Jun23_025502,2,11,-2.082443197345088,0.4277217445449641
8999_29Jun23_023227_29Jun23_025502,2,12,-2.3178210045377536,0.10826479867166489
8999_29Jun23_023227_29Jun23_025502,2,13,-2.0782136056834677,0.6416199034567912
8999_29Jun23_023227_29Jun23_025502,2,14,-1.6363631018054547,0.11293270811083873
8999_29Jun23_023227_29Jun23_025502,2,15,-1.0748880417315587,0.48276939090260834
8999_29Jun23_023227_29Jun23_025502,2,16,-0.7576588173736076,-0.29643549131519153
8999_29Jun23_023227_29Jun23_025502,2,17,-0.8610425788134757,0.2729836462637324
8999_29Jun23_023227_29Jun23_025502,2,18,-0.6988229128820356,-0.09223830176027868
8999_29Jun23_023227_29Jun23_025502,2,19,-0.4401043752526035,0.4717252890376284
8999_29Jun23_023227_29Jun23_025502,2,20,0.15541264191532012,0.5550562967607319
8999_29Jun23_023227_29Jun23_025502,2,21,-0.17433765973426385,-0.007917199968941456
8999_29Jun23_023227_29Jun23_025502,2,22,0.22656347325089587,0.6093369900157348
8999_29Jun23_023227_29Jun23_025502,2,23,0.4852974820089284,0.7848375887013471
8999_29Jun23_023227_29Jun23_025502,2,24,0.3123167992763465,0.1256912860235945
8999_29Jun23_073830_29Jun23_080352,1,0,1.8545786259349106,-0.28629338769535384
8999_29Jun23_073830_29Jun23_080352,1,1,1.453707305729246,-0.5958223842020848
8999_29Jun23_073830_29Jun23_080352,1,2,0.6154493470526823,-0.25462284545508584
8999_29Jun23_073830_29Jun23_080352,1,3,0.6264256709331839,-0.8113809487788066
8999_29Jun23_073830_29Jun23_080352,1,4,0.18375611040513662,-0.6496140419029234
8999_29Jun23_073830_29Jun23_080352,1,5,0.021719502017930603,-0.5182946302640282
8999_29Jun23_073830_29Jun23_080352,1,6,0.44022196023443816,-1.0776247024428673
8999_29Jun23_073830_29Jun23_080352,1,7,0.8056957074585591,-0.6624735957848863
8999_29Jun23_073830_29Jun23_080352,1,8,0.6144793286006894,-0.677685707352994
8999_29Jun23_073830_29Jun23_080352,1,9,0.5753431015895899,-0.7464972402838701
8999_29Jun23_073830_29Jun23_080352,1,10,0.6243652850989114,-1.004066608758555
8999_29Jun23_073830_29Jun23_080352,1,11,0.7489415891498985,-0.3706959230252114
8999_29Jun23_073830_29Jun23_080352,1,12,1.6495705145088642,0.12832412687102993
8999_29Jun23_073830_29Jun23_080352,1,13,1.4519922306399993,-0.23365010392756835
8999_29Jun23_073830_29Jun23_080352,1,14,1.419254684082112,-0.4121082438725909
8999_29Jun23_073830_29Jun23_080352,1,15,1.387268019624785,-0.8068241910303721
8999_29Jun23_073830_29Jun23_080352,1,16,1.579015423975663,-0.24759191991014814
8999_29Jun23_073830_29Jun23_080352,1,17,1.2815922107249356,-0.22085070046693434
8999_29Jun23_073830_29Jun23_080352,1,18,0.9890325372666764,-0.7407879160645259
8999_29Jun23_073830_29Jun23_080352,1,19,1.0368478667283076,-0.7550221342320819
8999_29Jun23_073830_29Jun23_080352,1,20,1.29438528418932,-0.6071021541774388
8999_29Jun23_073830_29Jun23_080352,1,21,1.4288437051376002,-0.7092853849783808
8999_29Jun23_073830_29Jun23_080352,1,22,0.6713908314905093,-0.7773176886476884
8999_29Jun23_073830_29Jun23_080352,1,23,0.8106502622648448,-0.46005547128044555
8999_29Jun23_073830_29Jun23_080352,1,24,0.9913802103668212,-0.7142428656192444
8999_29Jun23_073830_29Jun23_080352,2,0,-0.08044712348672764,-0.5072590025675949
8999_29Jun23_073830_29Jun23_080352,2,1,-0.2735024747111028,-0.7153272794380716
8999_29Jun23_073830_29Jun23_080352,2,2,-0.5783170524386774,-1.374618146163048
8999_29Jun23_073830_29Jun23_080352,2,3,-0.7455246501397794,-1.2391308480779184
8999_29Jun23_073830_29Jun23_080352,2,4,-0.8955746731019426,-1.1192788622503003
8999_29Jun23_073830_29Jun23_080352,2,5,-0.6446963409171872,-1.3963194383217747
8999_29Jun23_073830_29Jun23_080352,2,6,-0.6580134605885407,-1.5731143574471973
8999_29Jun23_073830_29Jun23_080352,2,7,-0.08422833112636474,-1.2974480483446267
8999_29Jun23_073830_29Jun23_080352,2,8,-0.16880422258582584,-1.325185713753327
8999_29Jun23_073830_29Jun23_080352,2,9,-0.282153279558589,-2.039476631145745
8999_29Jun23_073830_29Jun23_080352,2,10,0.05575091003714675,-1.3628856616293636
8999_29Jun23_073830_29Jun23_080352,2,11,0.21067826072605206,-0.9709668797640153
8999_29Jun23_073830_29Jun23_080352,2,12,0.7106438415619559,-1.066437959595301
8999_29Jun23_073830_29Jun23_080352,2,13,0.5654283763683681,-1.3094626761416885
8999_29Jun23_073830_29Jun23_080352,2,14,0.436200616886483,-0.8626681607405915
8999_29Jun23_073830_29Jun23_080352,2,15,0.05923107258022642,-0.8570103040367733
8999_29Jun23_073830_29Jun23_080352,2,16,-0.06479645882836901,-0.8055377149771836
8999_29Jun23_073830_29Jun23_080352,2,17,0.3289467331193869,-0.5564139733104656
8999_29Jun23_073830_29Jun23_080352,2,18,-0.09939408726372453,0.03132748338544045
8999_29Jun23_073830_29Jun23_080352,2,19,-0.19089322141309895,-0.2105685821129355
8999_29Jun23_073830_29Jun23_080352,2,20,-0.5643392112518024,-0.9935646162762823
8999_29Jun23_073830_29Jun23_080352,2,21,-0.786317104785594,-0.8786660205983843
8999_29Jun23_073830_29Jun23_080352,2,22,-0.7448098264997954,-1.9656954813674077
8999_29Jun23_073830_29Jun23_080352,2,23,-0.6140758898671532,-0.7638750509025849
8999_29Jun23_073830_29Jun23_080352,2,24,-0.9349416210944235,-1.1011235507359385
8999_29Jun23_083200_29Jun23_085852,1,0,1.0297442473569673,0.4002063993749916
8999_29Jun23_083200_29Jun23_085852,1,1,1.170986860363571,-0.011273087796179193
8999_29Jun23_083200_29Jun23_085852,1,2,0.6893716955228835,0.32806363580184517
8999_29Jun23_083200_29Jun23_085852,1,3,0.504228983573829,-0.24261957596759254
8999_29Jun23_083200_29Jun23_085852,1,4,0.3098162763806589,-0.32684304914544493
8999_29Jun23_083200_29Jun23_085852,1,5,0.3302849802683805,-0.2410341948160255
8999_29Jun23_083200_29Jun23_085852,1,6,0.693797465881843,0.23814624064485979
8999_29Jun23_083200_29Jun23_085852,1,7,0.45193779874769247,0.18317441318632666
8999_29Jun23_083200_29Jun23_085852,1,8,0.8357632560567901,0.302686815257705
8999_29Jun23_083200_29Jun23_085852,1,9,0.3924765110547776,0.011642844632508975
8999_29Jun23_083200_29Jun23_085852,1,10,0.34404671593361513,-0.13342043431750772
8999_29Jun23_083200_29Jun23_085852,1,11,-0.3446035611417448,-0.39761331011772816
8999_29Jun23_083200_29Jun23_085852,1,12,-0.7388472994761739,0.5664434811275265
8999_29Jun23_083200_29Jun23_085852,1,13,-1.0415097681545706,0.3275440128776147
8999_29Jun23_083200_29Jun23_085852,1,14,-0.5740127494647113,0.30977442286914125
8999_29Jun23_083200_29Jun23_085852,1,15,-0.629108482263746,0.12447634180012823
8999_29Jun23_083200_29Jun23_085852,1,16,-0.8050648038648162,0.38492964381735273
8999_29Jun23_083200_29Jun23_085852,1,17,-1.0301519005968818,0.7213074317337642
8999_29Jun23_083200_29Jun23_085852,1,18,-1.1420584922603727,-0.3615436699248159
8999_29Jun23_083200_29Jun23_085852,1,19,-1.0933375363983144,-0.08436811245157716
8999_29Jun23_083200_29Jun23_085852,1,20,-0.5220264560489574,-0.05873774576457824
8999_29Jun23_083200_29Jun23_085852,1,21,0.06405133253217787,-0.2996134511427384
8999_29Jun23_083200_29Jun23_085852,1,22,-0.11281121085798818,-0.6753846636575189
8999_29Jun23_083200_29Jun23_085852,2,0,-1.4558265207259975,-0.9390479977544608
8999_29Jun23_083200_29Jun23_085852,2,1,-1.2429562159445295,-2.076576692764731
8999_29Jun23_083200_29Jun23_085852,2,2,-0.5605502240390858,-2.193694462243656
8999_29Jun23_083200_29Jun23_085852,2,3,-0.0941410580028168,-2.2500759565445283
8999_29Jun23_083200_29Jun23_085852,2,4,0.7763410840646856,-2.0180013444984493
8999_29Jun23_083200_29Jun23_085852,2,5,1.1794486099862556,-1.2421799164875347
8999_29Jun23_083200_29Jun23_085852,2,6,2.051687302741592,-0.4750764917608036
8999_29Jun23_083200_29Jun23_085852,2,7,2.44280481563576,0.0014183079801027842
8999_29Jun23_083200_29Jun23_085852,2,8,2.639523157834986,0.9328504666064885
8999_29Jun23_083200_29Jun23_085852,2,9,2.558080696048501,-0.007369438275464657
8999_29Jun23_083200_29Jun23_085852,2,10,2.682424338059111,-0.9457165924309854
8999_29Jun23_083200_29Jun23_085852,2,11,2.720242330600753,-1.9183160404237953
8999_29Jun23_083200_29Jun23_085852,2,12,2.566013109427487,-2.3943187714407164
8999_29Jun23_083200_29Jun23_085852,2,13,2.19219451571992,-2.227449141106001
8999_29Jun23_083200_29Jun23_085852,2,14,2.3190075294746704,-2.3444402758362597
8999_29Jun23_083200_29Jun23_085852,2,15,2.0987406625737615,-2.019898012993446
8999_29Jun23_083200_29Jun23_085852,2,16,2.1223219003135423,-0.6877839324305607
8999_29Jun23_083200_29Jun23_085852,2,17,1.2769711823167607,-1.1215267462488798
8999_29Jun23_083200_29Jun23_085852,2,18,0.19481341696993282,-1.8756234609037248
8999_29Jun23_083200_29Jun23_085852,2,19,-0.29804655082295295,-2.713732024553439
8999_29Jun23_083200_29Jun23_085852,2,20,-0.7635911509067117,-2.4701301589594715
8999_29Jun23_083200_29Jun23_085852,2,21,-0.6226053235813822,-2.53220648226532
8999_29Jun23_083200_29Jun23_085852,2,22,-0.566049588429901,-2.706747541150134
8999_29Jun23_092415_29Jun23_094738,1,0,0.34168347594841814,-0.7049094321308069
8999_29Jun23_092415_29Jun23_094738,1,1,0.12631886861839828,-1.6663040009848307
8999_29Jun23_092415_29Jun23_094738,1,2,-0.10399100989321688,-1.7166588356272439
8999_29Jun23_092415_29Jun23_094738,1,3,0.792126797166869,-1.2359041625144285
8999_29Jun23_092415_29Jun23_094738,1,4,0.5647761567848065,-1.5040438242222565
8999_29Jun23_092415_29Jun23_094738,1,5,0.42434117036318436,-1.7078470730293172
8999_29Jun23_092415_29Jun23_094738,1,6,0.600842539300539,-1.4290048921440646
8999_29Jun23_092415_29Jun23_094738,1,7,0.5739973318188328,-0.9592390237570941
8999_29Jun23_092415_29Jun23_094738,1,8,0.26878429046079133,-0.8647330796641012
8999_29Jun23_092415_29Jun23_094738,1,9,0.12740478548003792,-1.0265763566860986
8999_29Jun23_092415_29Jun23_094738,1,10,0.01740542131625414,-1.8592888573028334
8999_29Jun23_092415_29Jun23_094738,1,11,0.1191740598510743,-1.0219943089087267
8999_29Jun23_092415_29Jun23_094738,1,12,0.20603085745583827,-0.8394804119572771
8999_29Jun23_092415_29Jun23_094738,1,13,0.1869314676456736,-1.188108826913909
8999_29Jun23_092415_29Jun23_094738,1,14,0.3781242435454369,-1.643406089182127
8999_29Jun23_092415_29Jun23_094738,1,15,0.37995460028992134,-1.7778269475906687
8999_29Jun23_092415_29Jun23_094738,1,16,0.5052926028168933,-2.106586196636673
8999_29Jun23_092415_29Jun23_094738,1,17,0.03359957642029733,-1.3954603934919763
8999_29Jun23_092415_29Jun23_094738,1,18,-0.35672036209529223,-1.865573366918033
8999_29Jun23_092415_29Jun23_094738,1,19,0.37796902497303114,-1.1301490734663133
8999_29Jun23_092415_29Jun23_094738,1,20,0.7366584898838814,-1.151966434368601
8999_29Jun23_092415_29Jun23_094738,1,21,0.8302054048263289,-1.0464193162301738
8999_29Jun23_092415_29Jun23_094738,1,22,0.6622455963407602,-0.43091575355796996
8999_29Jun23_092415_29Jun23_094738,1,23,0.38283859676061505,-0.7285559973237432
8999_29Jun23_092415_29Jun23_094738,1,24,-0.7465852975009831,-2.2760898911921568
8999_29Jun23_092415_29Jun23_094738,2,0,0.8180648182329886,0.4275664806010451
8999_29Jun23_092415_29Jun23_094738,2,1,-0.15454192673686196,-0.3090419000296436
8999_29Jun23_092415_29Jun23_094738,2,2,-0.6507789399967656,-0.4594004661566295
8999_29Jun23_092415_29Jun23_094738,2,3,-1.2464833603327286,0.38403517853675323
8999_29Jun23_092415_29Jun23_094738,2,4,-1.231420584420162,0.7333841090028229
8999_29Jun23_092415_29Jun23_094738,2,5,-1.8249785106413952,0.8514258585766057
8999_29Jun23_092415_29Jun23_094738,2,6,-1.9678650417770116,0.17047232806238294
8999_29Jun23_092415_29Jun23_094738,2,7,-2.1096901136139072,0.1858790564805115
8999_29Jun23_092415_29Jun23_094738,2,8,-1.764471776461024,0.0840100394484122
8999_29Jun23_092415_29Jun23_094738,2,9,-2.0401619454209485,0.3364667100256251
8999_29Jun23_092415_29Jun23_094738,2,10,-1.871354794238951,0.7180684457914343
8999_29Jun23_092415_29Jun23_094738,2,11,-2.034621180616234,0.43466088162627303
8999_29Jun23_092415_29Jun23_094738,2,12,-1.9747234103265388,0.3678922763386712
8999_29Jun23_092415_29Jun23_094738,2,13,-1.9901195194679118,0.586010770867146
8999_29Jun23_092415_29Jun23_094738,2,14,-1.2621196338180733,1.569336678689175
8999_29Jun23_092415_29Jun23_094738,2,15,-0.6389595667855158,0.5340795499449579
8999_29Jun23_092415_29Jun23_094738,2,16,-0.33740360091372157,0.8481471139608435
8999_29Jun23_092415_29Jun23_094738,2,17,-0.1261140977746461,0.5896864893010567
8999_29Jun23_092415_29Jun23_094738,2,18,0.170897174420509,0.7251718717564931
8999_29Jun23_092415_29Jun23_094738,2,19,-0.1791314405265032,0.4006910980958933
8999_29Jun23_092415_29Jun23_094738,2,20,-0.49013975265704834,0.4184025456171219
8999_29Jun23_092415_29Jun23_094738,2,21,0.2212764504051501,0.06616537435273737
8999_29Jun23_092415_29Jun23_094738,2,22,0.5640141310250812,-0.35572965860706557
8999_29Jun23_092415_29Jun23_094738,2,23,0.8035453140964322,-0.17802664890251144
8999_29Jun23_092415_29Jun23_094738,2,24,0.5381231199702574,0.04660232122235576
8999_29Jun23_101314_29Jun23_103550,1,0,1.013817806657158,0.3915686019476672
8999_29Jun23_101314_29Jun23_103550,1,1,0.8090317428614546,0.3776867566550879
8999_29Jun23_101314_29Jun23_103550,1,2,0.6320471432599839,0.38446309989689786
8999_29Jun23_101314_29Jun23_103550,1,3,0.36514770158488363,0.39827291666028053
8999_29Jun23_101314_29Jun23_103550,1,4,0.21112483166230156,0.07346387565682067
8999_29Jun23_101314_29Jun23_103550,1,5,-0.2379928570583334,0.01705403311400011
8999_29Jun23_101314_29Jun23_103550,1,6,-0.11192491922666636,0.6605130274260351
8999_29Jun23_101314_29Jun23_103550,1,7,0.08632563884761191,0.32486915271803807
8999_29Jun23_101314_29Jun23_103550,1,8,-0.3222127071351444,0.28556713333620365
8999_29Jun23_101314_29Jun23_103550,1,9,-0.6932821518234045,0.014339607193172843
8999_29Jun23_101314_29Jun23_103550,1,10,-0.6566943301999084,0.030682179719063174
8999_29Jun23_101314_29Jun23_103550,1,11,-1.0778046602041222,-0.35355301232413083
8999_29Jun23_101314_29Jun23_103550,1,12,-0.3708804518705204,-0.5421687625998424
8999_29Jun23_101314_29Jun23_103550,1,13,-0.3875496976557501,-0.39004374353103843
8999_29Jun23_101314_29Jun23_103550,1,14,-0.2367209310571855,-0.5090861160808382
8999_29Jun23_101314_29Jun23_103550,1,15,-0.1407046960576197,-0.9693197082299918
8999_29Jun23_101314_29Jun23_103550,1,16,0.0552912353705276,-1.2510251503499297
8999_29Jun23_101314_29Jun23_103550,1,17,-0.33319433311046476,-1.1999858911788952
8999_29Jun23_101314_29Jun23_103550,1,18,-0.7131486681439952,-1.0025985019559842
8999_29Jun23_101314_29Jun23_103550,1,19,-1.0308472314780048,-0.9666420120544583
8999_29Jun23_101314_29Jun23_103550,1,20,-0.7982036327625064,-0.809716154369422
8999_29Jun23_101314_29Jun23_103550,1,21,-1.1111720120939583,-1.1751809437642313
8999_29Jun23_101314_29Jun23_103550,1,22,-1.0642889436925096,-0.8880686096567614
8999_29Jun23_101314_29Jun23_103550,1,23,-1.2553062513906144,-1.174841814498423
8999_29Jun23_101314_29Jun23_103550,1,24,-1.2032345020253354,-1.4089776500584017
8999_29Jun23_101314_29Jun23_103550,2,0,0.27885798186136346,-1.332998786817391
8999_29Jun23_101314_29Jun23_103550,2,1,0.8255016667327031,-0.29270797920949443
8999_29Jun23_101314_29Jun23_103550,2,2,-0.03738551852622285,-0.41504749224094417
8999_29Jun23_101314_29Jun23_103550,2,3,0.18032486471386555,-0.10754621842054557
8999_29Jun23_101314_29Jun23_103550,2,4,0.45006039692246924,0.12578974975474555
8999_29Jun23_101314_29Jun23_103550,2,5,0.31562758780297184,-0.1442094849867792
8999_29Jun23_101314_29Jun23_103550,2,6,0.41768154044738437,0.059162659956479846
8999_29Jun23_101314_29Jun23_103550,2,7,0.48899776511249216,-0.00825819174771203
8999_29Jun23_101314_29Jun23_103550,2,8,0.1972133331259729,-0.4786102327296732
8999_29Jun23_101314_29Jun23_103550,2,9,-0.142125493950436,-0.20612617426750413
8999_29Jun23_101314_29Jun23_103550,2,10,-0.13885099944840884,0.06921003351530175
8999_29Jun23_101314_29Jun23_103550,2,11,-0.391878858494104,0.6781687887690603
8999_29Jun23_101314_29Jun23_103550,2,12,-0.15740752886158305,0.044007978166172614
8999_29Jun23_101314_29Jun23_103550,2,13,0.2075457502801678,-0.6642050740795977
8999_29Jun23_101314_29Jun23_103550,2,14,0.35133213657650986,-0.5510687191996599
8999_29Jun23_101314_29Jun23_103550,2,15,0.5364763086419186,0.44122592583899223
8999_29Jun23_101314_29Jun23_103550,2,16,0.25204905970478697,0.7449721666766829
8999_29Jun23_101314_29Jun23_103550,2,17,0.4479958280982216,0.5124629449599488
8999_29Jun23_101314_29Jun23_103550,2,18,0.2389645052416206,0.42497222800999546
8999_29Jun23_101314_29Jun23_103550,2,19,0.10567191959129363,-0.1449808313586931
8999_29Jun23_101314_29Jun23_103550,2,20,0.14388682619337345,-0.24247104258739993
8999_29Jun23_101314_29Jun23_103550,2,21,0.31625917828251304,0.4824581724611199
8999_29Jun23_101314_29Jun23_103550,2,22,0.41722379921563246,0.22538317636061622
8999_29Jun23_101314_29Jun23_103550,2,23,-0.777044452098058,0.3115714617193954
8999_29Jun23_101314_29Jun23_103550,2,24,-0.5152146455338624,-0.09959454497951437
8999_29Jun23_110004_29Jun23_112226,1,0,0.10971244967677984,-0.1788189375960329
8999_29Jun23_110004_29Jun23_112226,1,1,-0.1727352783372771,-0.12791858092239017
8999_29Jun23_110004_29Jun23_112226,1,2,-1.3224879991871052,-0.4448311409143209
8999_29Jun23_110004_29Jun23_112226,1,3,-1.217288374716241,-0.06297953741535853
8999_29Jun23_110004_29Jun23_112226,1,4,-1.3114887444052314,-0.6567958062473787
8999_29Jun23_110004_29Jun23_112226,1,5,-1.9344773134063742,-0.6631163148957446
8999_29Jun23_110004_29Jun23_112226,1,6,-2.059025229897732,-0.04017264014978317
8999_29Jun23_110004_29Jun23_112226,1,7,-2.4196692669282704,-0.8163233308467074
8999_29Jun23_110004_29Jun23_112226,1,8,-2.337141581911381,-0.6334093225684447
8999_29Jun23_110004_29Jun23_112226,1,9,-2.8557863338617704,-0.9291575469466641
8999_29Jun23_110004_29Jun23_112226,1,10,-3.1992843136664577,-1.0385716078750666
8999_29Jun23_110004_29Jun23_112226,1,11,-3.8140604581585156,-0.6134868890587034
8999_29Jun23_110004_29Jun23_112226,1,12,-3.8447219397982177,-0.6729253147527074
8999_29Jun23_110004_29Jun23_112226,1,13,-3.826804254605697,-0.08832175272602451
8999_29Jun23_110004_29Jun23_112226,1,14,-3.758498423928579,-0.09390652254766502
8999_29Jun23_110004_29Jun23_112226,1,15,-3.0606549188106484,-0.055921353241431555
8999_29Jun23_110004_29Jun23_112226,1,16,-3.155097942148688,0.09638528190069023
8999_29Jun23_110004_29Jun23_112226,1,17,-3.3387633169393585,0.14379808174598097
8999_29Jun23_110004_29Jun23_112226,1,18,-3.0340147888382463,0.2881892842782077
8999_29Jun23_110004_29Jun23_112226,1,19,-2.4138587867044983,0.5351469860278629
8999_29Jun23_110004_29Jun23_112226,1,20,-2.0119494113643164,-0.5120367479967618
8999_29Jun23_110004_29Jun23_112226,1,21,-1.539974085746798,-0.722980878094365
8999_29Jun23_110004_29Jun23_112226,1,22,-1.0229443321845555,-0.955406695308203
8999_29Jun23_110004_29Jun23_112226,1,23,-0.8946396854744854,-0.9291506817741526
8999_29Jun23_110004_29Jun23_112226,1,24,-0.4828395751860781,-0.7211736172699523
8999_29Jun23_110004_29Jun23_112226,2,0,0.09453544023172725,-0.635162497576558
8999_29Jun23_110004_29Jun23_112226,2,1,-0.04808002964095694,-1.3998068971587951
8999_29Jun23_110004_29Jun23_112226,2,2,0.19101526392604656,-1.5204015516418479
8999_29Jun23_110004_29Jun23_112226,2,3,0.3963108620131196,-2.159836217444866
8999_29Jun23_110004_29Jun23_112226,2,4,0.5043842866432521,-1.7740505100538873
8999_29Jun23_110004_29Jun23_112226,2,5,0.6418084877521508,-1.5098172178565628
8999_29Jun23_110004_29Jun23_112226,2,6,1.2898050092610192,-1.5818846867592107
8999_29Jun23_110004_29Jun23_112226,2,7,1.6061485760163543,-1.718406342665388
8999_29Jun23_110004_29Jun23_112226,2,8,1.8743312825785285,-1.3964844925262176
8999_29Jun23_110004_29Jun23_112226,2,9,2.2182043550574457,-1.1645245130245536
8999_29Jun23_110004_29Jun23_112226,2,10,2.206755267683193,-1.0982489302439822
8999_29Jun23_110004_29Jun23_112226,2,11,2.2856589987227713,-1.2136077889576582
8999_29Jun23_110004_29Jun23_112226,2,12,1.9812062170401057,-1.5294397245716047
8999_29Jun23_110004_29Jun23_112226,2,13,1.8226013286835459,-0.6527749552650564
8999_29Jun23_110004_29Jun23_112226,2,14,0.4388806304619588,-0.8295652444555296
8999_29Jun23_110004_29Jun23_112226,2,15,-0.02542305795650505,-0.7422831122106538
8999_29Jun23_110004_29Jun23_112226,2,16,0.08199299459311091,-0.1990712964182184
8999_29Jun23_110004_29Jun23_112226,2,17,-0.009458226998530272,-0.8851045649952843
8999_29Jun23_110004_29Jun23_112226,2,18,0.39954449088046623,-0.7400373470987376
8999_29Jun23_110004_29Jun23_112226,2,19,0.39430136110926833,-0.5646666291115043
8999_29Jun23_110004_29Jun23_112226,2,20,0.4049266255180237,-0.5613324626923266
8999_29Jun23_110004_29Jun23_112226,2,21,0.5937658937160956,-0.7675161827495058
8999_29Jun23_110004_29Jun23_112226,2,22,0.6748668495345121,-0.5280335715575901
8999_29Jun23_110004_29Jun23_112226,2,23,1.2419430728456902,-0.6939090757465127
8999_29Jun23_110004_29Jun23_112226,2,24,0.9751362981819428,-1.2213557240623452
8999_29Jun23_114555_29Jun23_115221,1,0,0.4875450986415175,0.06592322908394643
8999_29Jun23_114555_29Jun23_115221,1,1,-0.3675614676279526,0.4988700902109938
8999_29Jun23_114555_29Jun23_115221,1,2,-0.7093909710284563,-0.05510035538623334
8999_29Jun23_114555_29Jun23_115221,1,3,-1.0812737301969384,0.21705387119966238
8999_29Jun23_114555_29Jun23_115221,1,4,-1.421390546318721,0.1356494063971993
8999_29Jun23_114555_29Jun23_115221,1,5,-1.0594099474424203,0.3568055225353512
8999_29Jun23_114555_29Jun23_115221,1,6,-1.1647104146664706,0.5307935999475071
8999_29Jun23_114555_29Jun23_115221,1,7,-1.3954672871298415,0.053322425373194475
8999_29Jun23_114555_29Jun23_115221,1,8,-0.4485164653291532,0.38384497448049015
8999_29Jun23_114555_29Jun23_115221,1,9,-0.33482344851315515,-0.219756818665885
8999_29Jun23_114555_29Jun23_115221,1,10,-0.06882171466775222,0.18353165303710137
8999_29Jun23_114555_29Jun23_115221,1,11,-0.11984221652877602,-0.010475058487324003
8999_29Jun23_114555_29Jun23_115221,1,12,0.9762027444624455,0.07766500695823865
8999_29Jun23_114555_29Jun23_115221,1,13,0.17913003985656206,-0.10425003962014431
8999_29Jun23_114555_29Jun23_115221,1,14,0.45739750292694836,0.4222028044072668
8999_29Jun23_114555_29Jun23_115221,2,0,0.6763683733743517,0.1531068691551507
8999_29Jun23_114555_29Jun23_115221,2,1,0.23129344272321353,0.15225076922076308
8999_29Jun23_114555_29Jun23_115221,2,2,0.35390100136832103,-0.15987409821713316
8999_29Jun23_114555_29Jun23_115221,2,3,-0.3879478757970741,-0.847855642660364
8999_29Jun23_114555_29Jun23_115221,2,4,-0.3125799390724618,-1.646389411420854
8999_29Jun23_114555_29Jun23_115221,2,5,-0.5045131632368356,-0.9716111509792402
8999_29Jun23_114555_29Jun23_115221,2,6,-0.17101720949235422,-0.5256709258186082
8999_29Jun23_114555_29Jun23_115221,2,7,-0.4983732015767972,-0.027876620427423008
8999_29Jun23_114555_29Jun23_115221,2,8,0.13278306309619767,-0.533457431506526
8999_29Jun23_114555_29Jun23_115221,2,9,0.06436220464894069,-0.725194808904539
8999_29Jun23_114555_29Jun23_115221,2,10,0.14578729930216625,-0.9094253692871618
8999_29Jun23_114555_29Jun23_115221,2,11,-0.34059099816097116,-0.7740506439517097
8999_29Jun23_114555_29Jun23_115221,2,12,-0.1802550815558503,-0.987567941377665
8999_29Jun23_114555_29Jun23_115221,2,13,0.14646002753520676,-0.6794929691517071
8999_29Jun23_114555_29Jun23_115221,2,14,0.24020621795154717,-0.7989368491588267
8999_29Jun23_123257_29Jun23_125514,1,0,1.5801895848805425,0.1755169114445355
8999_29Jun23_123257_29Jun23_125514,1,1,1.0298324681914384,-0.5814023352731064
8999_29Jun23_123257_29Jun23_125514,1,2,0.5299468601905333,-0.17679042736028058
8999_29Jun23_123257_29Jun23_125514,1,3,0.18621796060228069,-0.12085688188460844
8999_29Jun23_123257_29Jun23_125514,1,4,-0.6934176648504264,-0.4806188419238805
8999_29Jun23_123257_29Jun23_125514,1,5,-0.43113891457799425,-0.49338999928313737
8999_29Jun23_123257_29Jun23_125514,1,6,-0.32148791653657804,-0.6294954672790272
8999_29Jun23_123257_29Jun23_125514,1,7,-0.11513820378021566,-0.8034944110043432
8999_29Jun23_123257_29Jun23_125514,1,8,-0.052352920063641895,-1.4085122186166406
8999_29Jun23_123257_29Jun23_125514,1,9,0.044821785871437814,-1.377633136628162
8999_29Jun23_123257_29Jun23_125514,1,10,-0.44886615494255794,-1.5969054298395133
8999_29Jun23_123257_29Jun23_125514,1,11,-0.5628722203037222,-1.5162378933898921
8999_29Jun23_123257_29Jun23_125514,1,12,-0.44875379675825755,-0.8148750418680986
8999_29Jun23_123257_29Jun23_125514,1,13,-0.3200311820563718,-0.7051986439708632
8999_29Jun23_123257_29Jun23_125514,1,14,-0.11300393984620821,-1.1545121269731828
8999_29Jun23_123257_29Jun23_125514,1,15,0.575094103123161,-0.8128880034167835
8999_29Jun23_123257_29Jun23_125514,1,16,0.40011465826468584,-0.7976076083696354
8999_29Jun23_123257_29Jun23_125514,1,17,0.7507914842046076,-1.0372700706066944
8999_29Jun23_123257_29Jun23_125514,1,18,0.6857477900552855,-0.6617697796752371
8999_29Jun23_123257_29Jun23_125514,1,19,0.9121709075363693,-0.3907861657037196
8999_29Jun23_123257_29Jun23_125514,1,20,0.9770444183736515,-0.31818789412222837
8999_29Jun23_123257_29Jun23_125514,1,21,1.0296331768870626,-0.8729627098556453
8999_29Jun23_123257_29Jun23_125514,1,22,0.923571492466968,-0.757671483135875
8999_29Jun23_123257_29Jun23_125514,1,23,0.6396789440551442,0.10597620417356333
8999_29Jun23_123257_29Jun23_125514,1,24,-0.026859147268298855,-0.0554020765516716
8999_29Jun23_123257_29Jun23_125514,2,0,-1.003205971133467,-0.341681532850191
8999_29Jun23_123257_29Jun23_125514,2,1,-1.459568226096815,-0.9766415027467334
8999_29Jun23_123257_29Jun23_125514,2,2,-1.2288765829815835,-0.5062112839805955
8999_29Jun23_123257_29Jun23_125514,2,3,-1.097723493602877,-0.21564153152284216
8999_29Jun23_123257_29Jun23_125514,2,4,-0.8092789093516352,-0.42822717422483225
8999_29Jun23_123257_29Jun23_125514,2,5,-0.9930460201953166,-0.18610600915461295
8999_29Jun23_123257_29Jun23_125514,2,6,-0.8473700625322785,0.3778077702165372
8999_29Jun23_123257_29Jun23_125514,2,7,-1.4239542795409414,0.36474887912014975
8999_29Jun23_123257_29Jun23_125514,2,8,-1.3611266094492862,0.5576195335733614
8999_29Jun23_123257_29Jun23_125514,2,9,-1.49495709680781,0.2309257817441207
8999_29Jun23_123257_29Jun23_125514,2,10,-2.1950685471940914,-0.12960797438266863
8999_29Jun23_123257_29Jun23_125514,2,11,-2.0144077138937844,0.14157912229170386
8999_29Jun23_123257_29Jun23_125514,2,12,-2.363194291742979,0.20081782757375058
8999_29Jun23_123257_29Jun23_125514,2,13,-2.3677963089541505,0.33568270118391685
8999_29Jun23_123257_29Jun23_125514,2,14,-2.0533554282669733,0.6046268188968362
8999_29Jun23_123257_29Jun23_125514,2,15,-1.935376115532343,0.2898482281659953
8999_29Jun23_123257_29Jun23_125514,2,16,-1.6057431720825053,0.5397156556439797
8999_29Jun23_123257_29Jun23_125514,2,17,-1.6697081115227133,0.377369208156883
8999_29Jun23_123257_29Jun23_125514,2,18,-1.0124319329313154,-0.26991961418651456
8999_29Jun23_123257_29Jun23_125514,2,19,-0.8599032080202579,-1.072601499121889
8999_29Jun23_123257_29Jun23_125514,2,20,-0.8622539685607793,-0.5326802500693062
8999_29Jun23_123257_29Jun23_125514,2,21,-0.2575046399076257,-1.0330573157281142
8999_29Jun23_123257_29Jun23_125514,2,22,-0.5076571934954639,-1.0818948108456405
8999_29Jun23_123257_29Jun23_125514,2,23,-0.16366962028787677,0.11352597513292206
8999_29Jun23_123257_29Jun23_125514,2,24,-0.14451578055895742,-0.4448794869610917
8999_cLS,1,0,0.7012816199921529,0.6732443497643115
8999_cLS,1,1,-0.6753406032050866,0.8803493052651405
8999_cLS,1,2,-0.4606104399856592,0.3137842781655669
8999_cLS,1,3,-0.2548347843472007,0.4330962705547931
8999_cLS,1,4,0.35635856407839617,0.7017048154822547
8999_cLS,1,5,0.1680842476493305,0.14305102891780486
8999_cLS,1,6,0.12883457301712808,0.7448161424168621
8999_cLS,1,7,0.211549305106154,0.6107159156850811
8999_cLS,1,8,0.24281560936278457,0.33801356078313605
8999_cLS,1,9,0.548199644484812,-0.20858796117300096
8999_cLS,2,0,-0.6112859436097181,-0.12905042587565974
8999_cLS,2,1,-0.38429547749809023,-0.16155122984469644
8999_cLS,2,2,-0.060757566389198714,-0.46430457515910656
8999_cLS,2,3,-0.11458297605802188,-1.3440145774642267
8999_cLS,2,4,0.37105176088257646,-0.6268997286604794
8999_cLS,2,5,0.9209462404706844,-1.2895041495050996
8999_cLS,2,6,0.47114516314731075,-0.27884010976009926
8999_cLS,2,7,0.3537618776297561,0.7907175032429992
8999_cLS,2,8,0.794847797587777,1.278581904611626
8999_cLS,2,9,-0.04723909000534462,1.3775791100565926
8999_vLS1,1,0,0.941376375252323,-1.1124168361504796
8999_vLS1,1,1,1.2215704940059802,-1.5902716220793076
8999_vLS1,1,2,2.321847640121097,-1.5514343438075273
8999_vLS1,1,3,2.5950031839538648,-1.8034100407500138
8999_vLS1,1,4,2.9044226070852606,-2.1205817977329886
8999_vLS1,1,5,2.174912763962664,-1.808042590041225
8999_vLS1,1,6,1.8044090075895793,-3.0898775383174075
8999_vLS1,1,7,2.2476585393821344,-2.418038349904241
8999_vLS1,1,8,1.770532564566025,-2.2622910272280112
8999_vLS1,1,9,1.4049583418299312,-1.9911100036534413
8999_vLS1,1,10,1.5059446902532803,-1.8524732628649612
8999_vLS1,1,11,1.2426816009457886,-1.3917628151275905
8999_vLS1,1,12,0.5174457752714912,-1.6572344021643017
8999_vLS1,1,13,1.0745992032796525,-1.3578434322876463
8999_vLS1,1,14,1.6095237266259832,-1.1068081245387027
8999_vLS1,2,0,-0.7063004357853024,-1.956971377144845
8999_vLS1,2,1,-0.18225747696227398,-1.173690444304043
8999_vLS1,2,2,1.1670635259574815,-1.0994569880621585
8999_vLS1,2,3,1.8686850406612974,-1.6580969991730476
8999_vLS1,2,4,2.3921335162478163,-0.8503979870285311
8999_vLS1,2,5,2.5261547002964204,-1.4917603124576322
8999_vLS1,2,6,2.249870277745934,-1.4181957790441053
8999_vLS1,2,7,2.6828208108768576,-1.3380361347053042
8999_vLS1,2,8,1.6013087549136271,-0.646718210534757
8999_vLS1,2,9,1.2722250361367036,-0.39604859699456235
8999_vLS1,2,10,0.8869844771655713,-0.26149116710957876
8999_vLS1,2,11,0.7851170586344614,-0.2938840420940586
8999_vLS1,2,12,0.7987885299563682,-0.4629696320452015
8999_vLS1,2,13,1.3321016709132798,-0.6567462260282653
8999_vLS1,2,14,1.6002223716290427,-0.20143558159060881
8999_vLS2,1,0,0.878047837983259,-0.3602595188728312
8999_vLS2,1,1,-0.6831923704624931,-0.7848982801786162
8999_vLS2,1,2,-1.8410895739655597,-0.09574020741260335
8999_vLS2,1,3,-1.3671146714489408,-0.33029266511775174
8999_vLS2,1,4,-2.255746095825989,-0.256816316397984
8999_vLS2,1,5,-1.9510235562966316,-0.9493362298504688
8999_vLS2,1,6,-0.6730634836080127,-0.5003996110968962
8999_vLS2,1,7,-0.8762101212299946,-0.5090606283232099
8999_vLS2,1,8,-0.031209522957948245,-0.48767311748715086
8999_vLS2,1,9,-0.0750734545450103,-0.9005561852671757
8999_vLS2,1,10,0.05556439660284185,-0.8960892012871355
8999_vLS2,1,11,0.497438629471339,-0.6624660746213921
8999_vLS2,1,12,0.4654229066714255,-0.46802337310792735
8999_vLS2,1,13,0.7856695158146854,-0.2426901839954082
8999_vLS2,1,14,1.2373506481329066,-0.027192761656791395
8999_vLS2,2,0,0.06091116304927197,0.5872477632115625
8999_vLS2,2,1,-0.8017165614156865,0.23118490551859994
8999_vLS2,2,2,-1.9321969271545716,1.2606872176177397
8999_vLS2,2,3,-1.1818760279392067,2.066075786668647
8999_vLS2,2,4,-1.8161867087306895,1.9555410150827597
8999_vLS2,2,5,-1.551956769153681,2.5717614764596655
8999_vLS2,2,6,-1.4786054854026702,1.8462620468407267
8999_vLS2,2,7,-1.2277933300338868,2.057822987719291
8999_vLS2,2,8,-0.5880884945334741,1.8760497467509314
8999_vLS2,2,9,-0.6418733963011823,1.7820814803366594
8999_vLS2,2,10,-0.6443042207459343,1.016669441403148
8999_vLS2,2,11,-1.0990735977604278,0.813485448568324
8999_vLS2,2,12,-0.6406937960978091,1.106350920094548
8999_vLS2,2,13,-0.7284118200986475,0.8710810220357024
8999_vLS2,2,14,-0.20762590038459838,0.6216537069204386
8999_29Jun23_211111_29Jun23_211737,1,0,0.3226701228887796,0.5652769155468884
8999_29Jun23_211111_29Jun23_211737,1,1,0.40704630203375336,1.1085525193609254
8999_29Jun23_211111_29Jun23_211737,1,2,-0.3057213864245678,0.5236818069759873
8999_29Jun23_211111_29Jun23_211737,1,3,-0.4208066874253624,0.4437357462003699
8999_29Jun23_211111_29Jun23_211737,1,4,-0.7804412416027723,0.9114852821972976
8999_29Jun23_211111_29Jun23_211737,1,5,-1.5502738484974437,0.35571445649739886
8999_29Jun23_211111_29Jun23_211737,1,6,-1.4044358317920094,0.4705633050387273
8999_29Jun23_211111_29Jun23_211737,1,7,-1.8882371351416831,0.6977970464525306
8999_29Jun23_211111_29Jun23_211737,1,8,-1.3366507657813256,0.20009622920700243
8999_29Jun23_211111_29Jun23_211737,1,9,-0.8633026606927607,0.6649775018308537
8999_29Jun23_211111_29Jun23_211737,1,10,-0.8893954560054845,0.3869188538119223
8999_29Jun23_211111_29Jun23_211737,1,11,-0.7180940464700941,0.4646987830122791
8999_29Jun23_211111_29Jun23_211737,1,12,-0.40444291195576576,0.5289430277548663
8999_29Jun23_211111_29Jun23_211737,1,13,-0.48854128142122866,0.5052866806260107
8999_29Jun23_211111_29Jun23_211737,1,14,0.8921372824842455,-0.0796852411092423
8999_29Jun23_211111_29Jun23_211737,2,0,0.19479191626700076,-0.26825520739157116
8999_29Jun23_211111_29Jun23_211737,2,1,0.09171314136825558,-1.0309588161344363
8999_29Jun23_211111_29Jun23_211737,2,2,0.4132346798303908,-0.6959914973103942
8999_29Jun23_211111_29Jun23_211737,2,3,0.6047518052513958,-0.7378700001070687
8999_29Jun23_211111_29Jun23_211737,2,4,0.6397338280621933,-0.01033404987979547
8999_29Jun23_211111_29Jun23_211737,2,5,1.1345358051878025,-0.4227751924563705
8999_29Jun23_211111_29Jun23_211737,2,6,1.3720660067590749,-0.5757559251294668
8999_29Jun23_211111_29Jun23_211737,2,7,0.8210350960702931,-0.2637764277419359
8999_29Jun23_211111_29Jun23_211737,2,8,0.8625020641426582,-0.21230645987404748
8999_29Jun23_211111_29Jun23_211737,2,9,0.956634106193559,-0.07881245877601473
8999_29Jun23_211111_29Jun23_211737,2,10,1.160476837398453,-0.5406637576258894
8999_29Jun23_211111_29Jun23_211737,2,11,1.453749423042105,0.17485855093797575
8999_29Jun23_211111_29Jun23_211737,2,12,0.7687068557348046,-0.17661119632644828
8999_29Jun23_211111_29Jun23_211737,2,13,0.3173516262427343,-0.5228958274383355
8999_29Jun23_211111_29Jun23_211737,2,14,0.39907124125319915,-0.9627828028275498
